{"$schema":"http://schema.management.azure.com/schemas/2015-01-01/deploymentTemplate.json#","contentVersion":"1.0.0.0","parameters":{"factoryName":{"type":"string","metadata":"Data Factory name"},"AzureBlobStorage1":{"type":"string"}},"variables":{"factoryId":"[concat('Microsoft.DataFactory/factories/', parameters('factoryName'))]"},"resources":[{"name":"[concat(parameters('factoryName'), '/mw-personal-adf-demo-pipeline')]","type":"Microsoft.DataFactory/factories/pipelines","apiVersion":"2018-06-01","properties":{"activities":[{"name":"copy-source-target","description":"Copies source data from raw to processed storage","type":"Copy","dependsOn":[],"policy":{"timeout":"7.00:00:00","retry":0,"retryIntervalInSeconds":30,"secureOutput":false,"secureInput":false},"userProperties":[],"typeProperties":{"source":{"type":"DelimitedTextSource","storeSettings":{"type":"AzureBlobStorageReadSettings","recursive":true,"enablePartitionDiscovery":false},"formatSettings":{"type":"DelimitedTextReadSettings"}},"sink":{"type":"DelimitedTextSink","storeSettings":{"type":"AzureBlobStorageWriteSettings"},"formatSettings":{"type":"DelimitedTextWriteSettings","quoteAllText":true,"fileExtension":".txt"}},"enableStaging":false,"translator":{"type":"TabularTranslator","typeConversion":true,"typeConversionSettings":{"allowDataTruncation":true,"treatBooleanAsNumber":false}}},"inputs":[{"referenceName":"inputData","type":"DatasetReference","parameters":{}}],"outputs":[{"referenceName":"outputData","type":"DatasetReference","parameters":{}}]},{"name":"dbtTriggerJobRun","type":"WebActivity","dependsOn":[{"activity":"copy-source-target","dependencyConditions":["Succeeded"]}],"policy":{"timeout":"7.00:00:00","retry":0,"retryIntervalInSeconds":30,"secureOutput":true,"secureInput":false},"userProperties":[],"typeProperties":{"url":"https://cloud.getdbt.com/api/v2/accounts/9972/jobs/25014/run/","method":"POST","headers":{"Content-Type":"application/json","Authorization":"Token cc79ae4d59.44640165ddac24cb47449415dfb76f1a3857f3151c4a7134ea4c9eb597cc56e5"},"body":{"cause":"triggered from Azure Data Factory workflow"},"disableCertValidation":true}},{"name":"untilSuccess","type":"Until","dependsOn":[{"activity":"wait 5 seconds","dependencyConditions":["Succeeded"]}],"userProperties":[{"name":"jobRunId","value":"@variable('jobRunId')"}],"typeProperties":{"expression":{"value":"@equals(string(activity('monitorJobRun').output.data.status), '10')","type":"Expression"},"activities":[{"name":"updateJobRunStatus","type":"SetVariable","dependsOn":[{"activity":"monitorJobRun","dependencyConditions":["Succeeded"]}],"userProperties":[],"typeProperties":{"variableName":"jobRunStatus","value":{"value":"@string(activity('monitorJobRun').output.data.status)","type":"Expression"}}},{"name":"monitorJobRun","type":"WebActivity","dependsOn":[],"policy":{"timeout":"7.00:00:00","retry":10,"retryIntervalInSeconds":30,"secureOutput":false,"secureInput":false},"userProperties":[{"name":"jobRunId","value":"@variables('jobRunId')"}],"typeProperties":{"url":{"value":"@concat('https://cloud.getdbt.com/api/v2/accounts/9972/runs/', string(activity('dbtTriggerJobRun').output.data.id), '/')","type":"Expression"},"method":"GET","headers":{"Authorization":"Token cc79ae4d59.44640165ddac24cb47449415dfb76f1a3857f3151c4a7134ea4c9eb597cc56e5"},"disableCertValidation":true}}],"timeout":"7.00:00:00"}},{"name":"setJobRunId","type":"SetVariable","dependsOn":[{"activity":"dbtTriggerJobRun","dependencyConditions":["Succeeded"]}],"userProperties":[],"typeProperties":{"variableName":"jobRunId","value":{"value":"@string(activity('dbtTriggerJobRun').output.data.id)","type":"Expression"}}},{"name":"copy to job complete","type":"Copy","dependsOn":[{"activity":"untilSuccess","dependencyConditions":["Succeeded"]}],"policy":{"timeout":"7.00:00:00","retry":0,"retryIntervalInSeconds":30,"secureOutput":false,"secureInput":false},"userProperties":[],"typeProperties":{"source":{"type":"DelimitedTextSource","storeSettings":{"type":"AzureBlobStorageReadSettings","recursive":true,"enablePartitionDiscovery":false},"formatSettings":{"type":"DelimitedTextReadSettings"}},"sink":{"type":"DelimitedTextSink","storeSettings":{"type":"AzureBlobStorageWriteSettings"},"formatSettings":{"type":"DelimitedTextWriteSettings","quoteAllText":true,"fileExtension":".txt"}},"enableStaging":false,"translator":{"type":"TabularTranslator","typeConversion":true,"typeConversionSettings":{"allowDataTruncation":true,"treatBooleanAsNumber":false}}},"inputs":[{"referenceName":"inputData","type":"DatasetReference","parameters":{}}],"outputs":[{"referenceName":"jobCompleteOutput","type":"DatasetReference","parameters":{}}]},{"name":"wait 5 seconds","type":"Wait","dependsOn":[{"activity":"setJobRunId","dependencyConditions":["Succeeded"]}],"userProperties":[],"typeProperties":{"waitTimeInSeconds":5}}],"variables":{"jobRunId":{"type":"String","defaultValue":"-1"},"jobRunStatus":{"type":"String","defaultValue":"NONE"}},"annotations":[],"lastPublishTime":"2021-06-24T16:28:43Z"},"dependsOn":["[concat(variables('factoryId'), '/datasets/inputData')]","[concat(variables('factoryId'), '/datasets/outputData')]","[concat(variables('factoryId'), '/datasets/jobCompleteOutput')]"]},{"name":"[concat(parameters('factoryName'), '/inputData')]","type":"Microsoft.DataFactory/factories/datasets","apiVersion":"2018-06-01","properties":{"linkedServiceName":{"referenceName":"[parameters('AzureBlobStorage1')]","type":"LinkedServiceReference"},"annotations":[],"type":"DelimitedText","typeProperties":{"location":{"type":"AzureBlobStorageLocation","fileName":"nation_202105241110.csv","container":"data-input"},"columnDelimiter":",","escapeChar":"\\","firstRowAsHeader":true,"quoteChar":"\""},"schema":[{"name":"n_nationkey","type":"String"},{"name":"n_name","type":"String"},{"name":"n_regionkey","type":"String"},{"name":"n_comment","type":"String"}]},"dependsOn":[]},{"name":"[concat(parameters('factoryName'), '/outputData')]","type":"Microsoft.DataFactory/factories/datasets","apiVersion":"2018-06-01","properties":{"linkedServiceName":{"referenceName":"[parameters('AzureBlobStorage1')]","type":"LinkedServiceReference"},"annotations":[],"type":"DelimitedText","typeProperties":{"location":{"type":"AzureBlobStorageLocation","fileName":"output.csv","container":"data-output"},"columnDelimiter":",","escapeChar":"\\","firstRowAsHeader":true,"quoteChar":"\""},"schema":[{"name":"n_nationkey","type":"String"},{"name":"n_name","type":"String"},{"name":"n_regionkey","type":"String"},{"name":"n_comment","type":"String"}]},"dependsOn":[]},{"name":"[concat(parameters('factoryName'), '/jobCompleteOutput')]","type":"Microsoft.DataFactory/factories/datasets","apiVersion":"2018-06-01","properties":{"linkedServiceName":{"referenceName":"[parameters('AzureBlobStorage1')]","type":"LinkedServiceReference"},"annotations":[],"type":"DelimitedText","typeProperties":{"location":{"type":"AzureBlobStorageLocation","fileName":"nation_202105241110.csv","container":"job-completion-output"},"columnDelimiter":",","escapeChar":"\\","firstRowAsHeader":true,"quoteChar":"\""},"schema":[{"name":"n_nationkey","type":"String"},{"name":"n_name","type":"String"},{"name":"n_regionkey","type":"String"},{"name":"n_comment","type":"String"}]},"dependsOn":[]}]}